{
  "project_info": {
    "project_number": "32365614798",
    "firebase_url": "https://big-brother-heating.firebaseio.com",
    "project_id": "big-brother-heating",
    "storage_bucket": "big-brother-heating.appspot.com"
  },
  "client": [
    {
      "client_info": {
        "mobilesdk_app_id": "1:32365614798:android:81e04299eb0bba05",
        "android_client_info": {
          "package_name": "com.example.danie.bigbrotherheating"
        }
      },
      "oauth_client": [
        {
          "client_id": "32365614798-jsl0oauk0cbsi819v2j6srnrkhjpktmu.apps.googleusercontent.com",
          "client_type": 3
        }
      ],
      "api_key": [
        {
          "current_key": "AIzaSyAOrtliD58-pS5BCHJvmgQTY2zB8rH6vcA"
        }
      ],
      "services": {
        "analytics_service": {
          "status": 1
        },
        "appinvite_service": {
          "status": 1,
          "other_platform_oauth_client": []
        },
        "ads_service": {
          "status": 2
        }
      }
    },
    {
      "client_info": {
        "mobilesdk_app_id": "1:32365614798:android:ffb6d455d69c39e3",
        "android_client_info": {
          "package_name": "com.example.danie.bigbrotherheating3"
        }
      },
      "oauth_client": [
        {
          "client_id": "32365614798-e82999688ddpr1bv04aljp3bdi6or637.apps.googleusercontent.com",
          "client_type": 1,
          "android_info": {
            "package_name": "com.example.danie.bigbrotherheating3",
            "certificate_hash": "e3e771ba183d50ddb86c9acca39a712bf880ad73"
          }
        },
        {
          "client_id": "32365614798-jsl0oauk0cbsi819v2j6srnrkhjpktmu.apps.googleusercontent.com",
          "client_type": 3
        }
      ],
      "api_key": [
        {
          "current_key": "AIzaSyAOrtliD58-pS5BCHJvmgQTY2zB8rH6vcA"
        }
      ],
      "services": {
        "analytics_service": {
          "status": 1
        },
        "appinvite_service": {
          "status": 2,
          "other_platform_oauth_client": [
            {
              "client_id": "32365614798-jsl0oauk0cbsi819v2j6srnrkhjpktmu.apps.googleusercontent.com",
              "client_type": 3
            }
          ]
        },
        "ads_service": {
          "status": 2
        }
      }
    }
  ],
  "configuration_version": "1"
}